INSERT INTO users (userId, nationalRegistryNumber, firstName, lastName, email, phoneNumber, notificationType) VALUES
    ('f47ac10b-58cc-4372-a567-0e02b2c3d479', 'NRN001', 'Alice', 'Johnson', 'alice.johnson@example.com', '555-1234', 'none'),
    ('c9bf9e57-1685-4c89-bafb-ff5af830be8a', 'NRN002', 'Bob', 'Smith', 'bob.smith@example.com', '555-2345', 'important'),
    ('d07fd9a5-b2c7-4d0d-bb7e-b0e7b8ff7e61', 'NRN003', 'Carol', 'Taylor', 'carol.taylor@example.com', '555-3456', 'all'),
    ('2a5f6c07-6e8e-4516-8bd1-3f2dd1a3ed8b', 'NRN004', 'David', 'Brown', 'david.brown@example.com', '555-4567', 'none'),
    ('b0fd4a70-771d-4591-91f3-d7cfe9380b7a', 'NRN005', 'Emma', 'Davis', 'emma.davis@example.com', '555-5678', 'important'),
    ('3bb4f2e1-6897-4e7d-9bcb-7e9370c3f6bb', 'NRN006', 'Frank', 'Miller', 'frank.miller@example.com', '555-6789', 'all'),
    ('d6dd9a7e-9a8e-4f9e-8b92-df9a6e0a1b7b', 'NRN007', 'Grace', 'Wilson', 'grace.wilson@example.com', '555-7890', 'none'),
    ('8befecc1-6a79-4726-89a6-e3f5ef62bf4d', 'NRN008', 'Henry', 'Moore', 'henry.moore@example.com', '555-8901', 'important'),
    ('bfb9a72c-0e47-4c07-9236-e9c0bb8e4561', 'NRN009', 'Ivy', 'Jackson', 'ivy.jackson@example.com', '555-9012', 'all'),
    ('2d7b4fd3-30de-4884-89c5-72e8fd81b1f4', 'NRN010', 'Jack', 'White', 'jack.white@example.com', '555-1235', 'none'),
    ('caef3bfb-fc48-4505-9f8f-8baf76d3e6df', 'NRN011', 'Kara', 'Harris', 'kara.harris@example.com', '555-2346', 'important'),
    ('aa5e4d9c-7de8-44f9-9a7e-4f1d4c3a8b78', 'NRN012', 'Liam', 'Martin', 'liam.martin@example.com', '555-3457', 'all'),
    ('efb7c3dd-0b59-4cf1-80b1-7e6f2b0a3a2d', 'NRN013', 'Mia', 'Thompson', 'mia.thompson@example.com', '555-4568', 'none'),
    ('bfec15d5-1cc6-44e2-8d5b-8f9a7f1d4c7e', 'NRN014', 'Noah', 'Garcia', 'noah.garcia@example.com', '555-5679', 'important'),
    ('3a8c2bb2-379b-4bcb-bd6d-1f9a0b7e8c6d', 'NRN015', 'Olivia', 'Martinez', 'olivia.martinez@example.com', '555-6780', 'all'),
    ('49f8b2e8-a5e9-4ff2-a5b6-17eb2e0c9d5b', 'NRN016', 'Paul', 'Robinson', 'paul.robinson@example.com', '555-7891', 'none'),
    ('de5e3a8e-9a8d-477a-8b2b-5f9c7e8c7d8f', 'NRN017', 'Quincy', 'Clark', 'quincy.clark@example.com', '555-8902', 'important'),
    ('fb6d8b9e-7c8f-4e7d-bb9a-1f9a2c3b8d9a', 'NRN018', 'Rachel', 'Lewis', 'rachel.lewis@example.com', '555-9013', 'all'),
    ('ecb9c7e8-0d5e-4cf9-a7b1-8e7f9a0b1c3f', 'NRN019', 'Sam', 'Walker', 'sam.walker@example.com', '555-1236', 'none'),
    ('b1a2b7d9-e3c8-4a9f-b7a8-1e0c2b9f8d7e', 'NRN020', 'Tina', 'Hall', 'tina.hall@example.com', '555-2347', 'important');

-- Insert 10 sample suppliers into the supplier table
INSERT INTO suppliers (supplierId, name, contactName, phoneNumber, email, address) VALUES
    ('550e8300-e29b-41d4-a716-446655440000', 'ABC Corp', 'John Doe', '123-456-7890', 'contact@abccorp.com', '123 Tech Lane, Silicon Valley, CA'),
    ('550e8300-e29b-41d4-a716-446655440001', 'XYZ Furnish', 'Jane Smith', '987-654-3210', 'jane.smith@xyzfurnish.com', '456 Furniture Ave, New York, NY'),
    ('550e8300-e29b-41d4-a716-446655440002', 'PQR Supplies', 'Bob Johnson', '555-555-5555', 'bob.j@pqrsupplies.com', '789 Supply Rd, Chicago, IL'),
    ('550e8300-e29b-41d4-a716-446655440003', 'Mobile Co', 'Alice Williams', '555-123-9876', 'alice.w@mobileco.com', '101 Mobile St, Austin, TX'),
    ('550e8300-e29b-41d4-a716-446655440004', 'Tech Solutions', 'David Brown', '555-777-8888', 'david.brown@techsolutions.com', '202 Tech Ave, San Francisco, CA'),
    ('550e8300-e29b-41d4-a716-446655440005', 'Vision Display', 'Emma Clark', '555-999-1111', 'emma.clark@visiondisplay.com', '303 Display Blvd, Boston, MA'),
    ('550e8300-e29b-41d4-a716-446655440006', 'LightUp', 'Michael Davis', '555-321-6548', 'michael@lightup.com', '404 Lamp Dr, Los Angeles, CA'),
    ('550e8300-e29b-41d4-a716-446655440007', 'Gadget Hub', 'Olivia Martinez', '555-888-0000', 'olivia@gadgethub.com', '505 Gadget Rd, Seattle, WA'),
    ('550e8300-e29b-41d4-a716-446655440008', 'OfficePro', 'Lucas Wilson', '555-222-3333', 'lucas@officepro.com', '606 Office Park, Miami, FL'),
    ('550e8300-e29b-41d4-a716-446655440009', 'BrewMaster', 'Sophia Thomas', '555-444-5555', 'sophia@brewmaster.com', '707 Brew St, Portland, OR');

-- Insert 40 sample products into the inventory table
INSERT INTO Inventory (itemId, name, category, quantityInStock, unitPrice, supplier) VALUES
    ('550e8400-e29b-41d4-a716-446655440000', 'Laptop', 'Electronics', 50, 800.00, 'ABC Corp'),
    ('550e8400-e29b-41d4-a716-446655440001', 'Desk Chair', 'Furniture', 30, 150.00, 'XYZ Furnish'),
    ('550e8400-e29b-41d4-a716-446655440002', 'Office Pen', 'Stationery', 200, 2.00, 'PQR Supplies'),
    ('550e8400-e29b-41d4-a716-446655440003', 'Smartphone', 'Electronics', 40, 600.00, 'Mobile Co'),
    ('550e8400-e29b-41d4-a716-446655440004', 'Keyboard', 'Electronics', 60, 50.00, 'ABC Corp'),
    ('550e8400-e29b-41d4-a716-446655440005', 'Mouse', 'Electronics', 80, 20.00, 'Tech Solutions'),
    ('550e8400-e29b-41d4-a716-446655440006', 'Monitor', 'Electronics', 25, 300.00, 'Vision Display'),
    ('550e8400-e29b-41d4-a716-446655440007', 'Desk Lamp', 'Furniture', 15, 40.00, 'LightUp'),
    ('550e8400-e29b-41d4-a716-446655440008', 'USB Cable', 'Electronics', 100, 5.00, 'CablePro'),
    ('550e8400-e29b-41d4-a716-446655440009', 'Printer', 'Electronics', 10, 120.00, 'PrintMaster'),
    ('550e8400-e29b-41d4-a716-446655440010', 'Headphones', 'Electronics', 35, 70.00, 'SoundTech'),
    ('550e8400-e29b-41d4-a716-446655440011', 'Office Chair', 'Furniture', 45, 120.00, 'FurniPro'),
    ('550e8400-e29b-41d4-a716-446655440012', 'Stapler', 'Stationery', 150, 10.00, 'Paper Goods'),
    ('550e8400-e29b-41d4-a716-446655440013', 'Notepad', 'Stationery', 300, 3.00, 'Paper Goods'),
    ('550e8400-e29b-41d4-a716-446655440014', 'File Folders', 'Stationery', 250, 2.50, 'Office Supplies'),
    ('550e8400-e29b-41d4-a716-446655440015', 'Whiteboard', 'Office Supplies', 10, 100.00, 'OfficePro'),
    ('550e8400-e29b-41d4-a716-446655440016', 'Projector', 'Electronics', 5, 500.00, 'Tech Solutions'),
    ('550e8400-e29b-41d4-a716-446655440017', 'Tablet', 'Electronics', 50, 350.00, 'Gadget Hub'),
    ('550e8400-e29b-41d4-a716-446655440018', 'Bluetooth Speaker', 'Electronics', 40, 60.00, 'AudioTech'),
    ('550e8400-e29b-41d4-a716-446655440019', 'Camera', 'Electronics', 12, 450.00, 'PhotoGear'),
    ('550e8400-e29b-41d4-a716-446655440020', 'Smartwatch', 'Electronics', 22, 250.00, 'TechTime'),
    ('550e8400-e29b-41d4-a716-446655440021', 'Charging Dock', 'Electronics', 30, 30.00, 'Gadget Hub'),
    ('550e8400-e29b-41d4-a716-446655440022', 'Desktop Computer', 'Electronics', 15, 1000.00, 'PC World'),
    ('550e8400-e29b-41d4-a716-446655440023', 'Mouse Pad', 'Electronics', 120, 8.00, 'MouseTech'),
    ('550e8400-e29b-41d4-a716-446655440024', 'Laptop Bag', 'Accessories', 60, 40.00, 'BagCo'),
    ('550e8400-e29b-41d4-a716-446655440025', 'Smartphone Case', 'Accessories', 150, 15.00, 'TechGuard'),
    ('550e8400-e29b-41d4-a716-446655440026', 'Monitor Stand', 'Furniture', 25, 50.00, 'StandUp'),
    ('550e8400-e29b-41d4-a716-446655440027', 'Printer Paper', 'Office Supplies', 500, 5.00, 'Paper Goods'),
    ('550e8400-e29b-41d4-a716-446655440028', 'Air Purifier', 'Home Appliances', 8, 200.00, 'CleanAir'),
    ('550e8400-e29b-41d4-a716-446655440029', 'Coffee Machine', 'Home Appliances', 6, 150.00, 'BrewMaster'),
    ('550e8400-e29b-41d4-a716-446655440030', 'Refrigerator', 'Home Appliances', 2, 700.00, 'HomeTech'),
    ('550e8400-e29b-41d4-a716-446655440031', 'Microwave Oven', 'Home Appliances', 10, 120.00, 'QuickHeat'),
    ('550e8400-e29b-41d4-a716-446655440032', 'Toaster', 'Home Appliances', 30, 35.00, 'KitchenTech'),
    ('550e8400-e29b-41d4-a716-446655440033', 'Blender', 'Home Appliances', 20, 45.00, 'BlendMaster'),
    ('550e8400-e29b-41d4-a716-446655440034', 'Iron', 'Home Appliances', 40, 60.00, 'IronPro'),
    ('550e8400-e29b-41d4-a716-446655440035', 'Electric Kettle', 'Home Appliances', 50, 30.00, 'KettleCo'),
    ('550e8400-e29b-41d4-a716-446655440036', 'Electric Fan', 'Home Appliances', 60, 25.00, 'CoolAir'),
    ('550e8400-e29b-41d4-a716-446655440037', 'Space Heater', 'Home Appliances', 15, 70.00, 'WarmUp'),
    ('550e8400-e29b-41d4-a716-446655440038', 'Hair Dryer', 'Beauty', 100, 20.00, 'BeautyTech'),
    ('550e8400-e29b-41d4-a716-446655440039', 'Shaver', 'Beauty', 80, 35.00, 'SmoothShave');


INSERT INTO orders (orderId, userId, date, address, amount, deliveryType, paymentType, weight, status) VALUES
    ('550e8200-e29b-41d4-a716-446655440002', 'f47ac10b-58cc-4372-a567-0e02b2c3d479', '2024-11-07', '789 Pine St, Springfield, IL', 500.00, 'Express', 'CREDIT_CARD', 5.5, 'Shipped'),
    ('550e8200-e29b-41d4-a716-446655440003', 'c9bf9e57-1685-4c89-bafb-ff5af830be8a', '2024-11-08', '321 Maple St, Chicago, IL', 350.75, 'Standard', 'PAYPAL', 3.0, 'Pending'),
    ('550e8200-e29b-41d4-a716-446655440004', 'd07fd9a5-b2c7-4d0d-bb7e-b0e7b8ff7e61', '2024-11-09', '654 Birch Ave, Springfield, IL', 120.00, 'Standard', 'BANK_TRANSFER', 2.0, 'Delivered'),
    ('550e8200-e29b-41d4-a716-446655440005', '2a5f6c07-6e8e-4516-8bd1-3f2dd1a3ed8b', '2024-11-10', '123 Oak St, Chicago, IL', 89.99, 'Next Day', 'DEBIT_CARD', 1.0, 'Pending'),
    ('550e8200-e29b-41d4-a716-446655440006', 'b0fd4a70-771d-4591-91f3-d7cfe9380b7a', '2024-11-11', '101 Pine St, Chicago, IL', 75.50, 'Express', 'MOBILE', 1.5, 'Shipped'),
    ('550e8200-e29b-41d4-a716-446655440007', '3bb4f2e1-6897-4e7d-9bcb-7e9370c3f6bb', '2024-11-12', '888 Walnut St, Springfield, IL', 199.99, 'Standard', 'CRYPTOCURRENCY', 4.0, 'Cancelled'),
    ('550e8200-e29b-41d4-a716-446655440008', 'd6dd9a7e-9a8e-4f9e-8b92-df9a6e0a1b7b', '2024-11-13', '456 Cedar Ave, Chicago, IL', 1200.00, 'Express', 'GIFT_CARD', 10.0, 'Delivered');


INSERT INTO wishlists (wishlistId, userId, name) VALUES
    ('550e8500-e29b-41d4-a716-446655440010', 'f47ac10b-58cc-4372-a567-0e02b2c3d479', 'Birthday Wishlist'),
    ('550e8500-e29b-41d4-a716-446655440011', 'f47ac10b-58cc-4372-a567-0e02b2c3d479', 'Christmas Wishlist'),
    ('550e8500-e29b-41d4-a716-446655440012', 'c9bf9e57-1685-4c89-bafb-ff5af830be8a', 'Christmas Wishlist'),
    ('550e8500-e29b-41d4-a716-446655440013', 'c9bf9e57-1685-4c89-bafb-ff5af830be8a', 'Summer Vacation Wishlist'),
    ('550e8500-e29b-41d4-a716-446655440014', 'd07fd9a5-b2c7-4d0d-bb7e-b0e7b8ff7e61', 'Wedding Anniversary Wishlist'),
    ('550e8500-e29b-41d4-a716-446655440015', '2a5f6c07-6e8e-4516-8bd1-3f2dd1a3ed8b', 'New Year Wishlist'),
    ('550e8500-e29b-41d4-a716-446655440016', 'b0fd4a70-771d-4591-91f3-d7cfe9380b7a', 'Summer Vacation Wishlist'),
    ('550e8500-e29b-41d4-a716-446655440017', '3bb4f2e1-6897-4e7d-9bcb-7e9370c3f6bb', 'Holiday Season Wishlist'),
    ('550e8500-e29b-41d4-a716-446655440018', '3bb4f2e1-6897-4e7d-9bcb-7e9370c3f6bb', 'Gift Ideas Wishlist'),
    ('550e8500-e29b-41d4-a716-446655440019', 'd6dd9a7e-9a8e-4f9e-8b92-df9a6e0a1b7b', 'Housewarming Wishlist'),
    ('550e8500-e29b-41d4-a716-446655440020', '8befecc1-6a79-4726-89a6-e3f5ef62bf4d', 'Graduation Wishlist'),
    ('550e8500-e29b-41d4-a716-446655440021', '8befecc1-6a79-4726-89a6-e3f5ef62bf4d', 'Holiday Season Wishlist'),
    ('550e8500-e29b-41d4-a716-446655440022', 'bfb9a72c-0e47-4c07-9236-e9c0bb8e4561', 'Baby Shower Wishlist'),
    ('550e8500-e29b-41d4-a716-446655440023', 'bfb9a72c-0e47-4c07-9236-e9c0bb8e4561', 'Wedding Anniversary Wishlist'),
    ('550e8500-e29b-41d4-a716-446655440024', '2d7b4fd3-30de-4884-89c5-72e8fd81b1f4', 'Gift Ideas Wishlist');

INSERT INTO memberships (membershipId, userId, membershipType, startDate, renewalDate, status) VALUES
    ('550e9400-e29b-41d4-a716-446655440100', 'f47ac10b-58cc-4372-a567-0e02b2c3d479', 'STANDARD', '2024-01-01', '2025-01-01', 'ACTIVE'),
    ('550e9400-e29b-41d4-a716-446655440101', 'c9bf9e57-1685-4c89-bafb-ff5af830be8a', 'PREMIUM', '2023-06-15', '2024-06-15', 'ACTIVE'),
    ('550e9400-e29b-41d4-a716-446655440102', 'd07fd9a5-b2c7-4d0d-bb7e-b0e7b8ff7e61', 'STANDARD', '2024-03-01', '2025-03-01', 'PENDING'),
    ('550e9400-e29b-41d4-a716-446655440103', '2a5f6c07-6e8e-4516-8bd1-3f2dd1a3ed8b', 'PREMIUM', '2023-11-10', '2024-11-10', 'SUSPENDED'),
    ('550e9400-e29b-41d4-a716-446655440104', 'b0fd4a70-771d-4591-91f3-d7cfe9380b7a', 'STANDARD', '2023-09-20', '2024-09-20', 'BANNED'),
    ('550e9400-e29b-41d4-a716-446655440105', '3bb4f2e1-6897-4e7d-9bcb-7e9370c3f6bb', 'PREMIUM', '2023-07-01', '2024-07-01', 'ACTIVE'),
    ('550e9400-e29b-41d4-a716-446655440106', 'd6dd9a7e-9a8e-4f9e-8b92-df9a6e0a1b7b', 'STANDARD', '2024-02-01', '2025-02-01', 'PENDING'),
    ('550e9400-e29b-41d4-a716-446655440107', '8befecc1-6a79-4726-89a6-e3f5ef62bf4d', 'PREMIUM', '2023-10-01', '2024-10-01', 'ACTIVE'),
    ('550e9400-e29b-41d4-a716-446655440108', 'bfb9a72c-0e47-4c07-9236-e9c0bb8e4561', 'STANDARD', '2024-04-15', '2025-04-15', 'ACTIVE'),
    ('550e9400-e29b-41d4-a716-446655440109', '2d7b4fd3-30de-4884-89c5-72e8fd81b1f4', 'PREMIUM', '2022-05-01', '2023-05-01', 'BANNED'),
    ('550e9400-e29b-41d4-a716-446655440110', 'caef3bfb-fc48-4505-9f8f-8baf76d3e6df', 'STANDARD', '2023-12-01', '2024-12-01', 'ACTIVE'),
    ('550e9400-e29b-41d4-a716-446655440111', 'aa5e4d9c-7de8-44f9-9a7e-4f1d4c3a8b78', 'PREMIUM', '2023-08-15', '2024-08-15', 'ACTIVE'),
    ('550e9400-e29b-41d4-a716-446655440112', 'efb7c3dd-0b59-4cf1-80b1-7e6f2b0a3a2d', 'STANDARD', '2024-01-20', '2025-01-20', 'SUSPENDED'),
    ('550e9400-e29b-41d4-a716-446655440113', 'bfec15d5-1cc6-44e2-8d5b-8f9a7f1d4c7e', 'PREMIUM', '2022-11-10', '2023-11-10', 'ACTIVE'),
    ('550e9400-e29b-41d4-a716-446655440114', '3a8c2bb2-379b-4bcb-bd6d-1f9a0b7e8c6d', 'STANDARD', '2023-03-15', '2024-03-15', 'PENDING'),
    ('550e9400-e29b-41d4-a716-446655440115', '49f8b2e8-a5e9-4ff2-a5b6-17eb2e0c9d5b', 'PREMIUM', '2023-07-20', '2024-07-20', 'ACTIVE'),
    ('550e9400-e29b-41d4-a716-446655440116', 'de5e3a8e-9a8d-477a-8b2b-5f9c7e8c7d8f', 'STANDARD', '2024-02-10', '2025-02-10', 'SUSPENDED'),
    ('550e9400-e29b-41d4-a716-446655440117', 'fb6d8b9e-7c8f-4e7d-bb9a-1f9a2c3b8d9a', 'PREMIUM', '2023-09-05', '2024-09-05', 'ACTIVE'),
    ('550e9400-e29b-41d4-a716-446655440118', 'ecb9c7e8-0d5e-4cf9-a7b1-8e7f9a0b1c3f', 'STANDARD', '2023-10-10', '2024-10-10', 'ACTIVE'),
    ('550e9400-e29b-41d4-a716-446655440119', 'b1a2b7d9-e3c8-4a9f-b7a8-1e0c2b9f8d7e', 'PREMIUM', '2023-06-01', '2024-06-01', 'PENDING');
